,Count,Kowwin Mean,Kowwin Standard Deviation,Kowwin Minimum,Kowwin Maximum,Kowwin Median,Kowwin Q1,Kowwin Q3,Wildman-Crippen Mean,Wildman-Crippen Standard Deviation,Wildman-Crippen Minimum,Wildman-Crippen Maximum,Wildman-Crippen Median,Wildman-Crippen Q1,Wildman-Crippen Q3,Meylan-Kowwin Mean,Meylan-Kowwin Standard Deviation,Meylan-Kowwin Minimum,Meylan-Kowwin Maximum,Meylan-Kowwin Median,Meylan-Kowwin Q1,Meylan-Kowwin Q3,MLogP Mean,MLogP Standard Deviation,MLogP Minimum,MLogP Maximum,MLogP Median,MLogP Q1,MLogP Q3,ALogP Mean,ALogP Standard Deviation,ALogP Minimum,ALogP Maximum,ALogP Median,ALogP Q1,ALogP Q3,consensus logp Mean,consensus logp Standard Deviation,consensus logp Minimum,consensus logp Maximum,consensus logp Median,consensus logp Q1,consensus logp Q3
With carboxylic acid,1223,0.6378331970564186,0.872741372018218,0.0,4.2700000000000005,0.29,0.1199999999999998,0.71,0.8917239084219134,0.858309154734706,0.0012199999999998,4.679299999999999,0.577,0.2500999999999993,1.302750000000001,0.8710936205468102,0.9905713070976627,0.0,5.12,0.48,0.1700000000000001,1.155,1.0142584921292461,0.8707240755333915,0.0,4.109999999999999,0.72,0.31999999999999995,1.555,0.9604888152444075,1.0339733460126108,0.0,4.66,0.52,0.21499999999999994,1.33,0.7471023998364676,0.8407805746043483,0.00164,4.47465,0.4079559999999991,0.18405999999999983,0.9198699999999997
Without carboxylic acid,12622,0.35082037976020697,0.40116408057338065,0.0,18.24,0.25,0.1,0.4799999999999995,0.5803994984946917,0.5593926704180023,3.552713678800501e-15,14.519199999999962,0.44159999999999905,0.20479999999999995,0.7896500000000001,0.6205316706570896,0.6380538475027892,0.0,21.64,0.4300000000000001,0.1800000000000001,0.8600000000000001,0.7219292231976588,0.6720571401806785,0.0,11.53,0.55,0.25,0.9899999999999998,0.5151026735833998,0.5304940542357474,0.0,16.75,0.38,0.1700000000000001,0.69,0.4240768802883853,0.4282319112766158,3.5999999999702936e-05,15.707839999999994,0.32064800000000016,0.14786000000000002,0.5705350000000002
With amide,4063,0.44921978833374354,0.5764234466429513,0.0,4.02,0.2700000000000004,0.11,0.56,0.583603079005661,0.5213633246932505,0.0003000000000032,4.413400000000001,0.4470999999999956,0.20590000000000105,0.7980000000000003,0.7238112835673811,0.7318595278585233,0.0,5.12,0.5099999999999998,0.2199999999999997,0.98,0.7423084503572308,0.640740905737184,0.0,5.79,0.5800000000000001,0.27,1.01,0.572010347376201,0.609332665771739,0.0,4.5600000000000005,0.4099999999999999,0.1899999999999999,0.7299999999999999,0.489433927147428,0.5273170285285655,3.5999999999702936e-05,3.5953800000000005,0.34608,0.1584299999999998,0.6356699999999997
Without amide,9782,0.34583365705717983,0.4136273216364621,0.0,18.24,0.24,0.1,0.4600000000000002,0.6179923839705579,0.6274034887792013,3.552713678800501e-15,14.519199999999962,0.4509500000000002,0.20820000000000016,0.8214750000000001,0.6084647482262175,0.6542057787910721,0.0,21.64,0.4100000000000001,0.1699999999999999,0.8300000000000001,0.7498401701453468,0.7188908553628734,0.0,11.53,0.5599999999999996,0.25,1.0299999999999998,0.5467820314114487,0.6035606108826193,0.0,16.75,0.3800000000000001,0.1699999999999999,0.71,0.4373169670823962,0.46964599952063946,8.000000000005225e-05,15.707839999999994,0.31887,0.14719999999999978,0.5736630000000004
With ester,1750,0.3882071428571428,0.5691753893809066,0.0,18.24,0.28,0.1200000000000001,0.52,0.6036914114285711,0.6177611904022366,0.000499999999997,14.519199999999962,0.4539499999999992,0.20572499999999955,0.8614999999999995,0.7162435456110154,0.8140179579457356,0.0,21.64,0.5199999999999996,0.2100000000000002,0.9899999999999998,0.8070352839931153,0.6988946028888822,0.0,7.39,0.6199999999999997,0.29,1.14,0.5417685025817556,0.6133780778475244,0.0,16.75,0.4099999999999999,0.1899999999999999,0.7299999999999999,0.46109142742857134,0.5421382103122458,3.5999999999702936e-05,15.707839999999994,0.3576899999999992,0.1607100000000005,0.617016
Without ester,12095,0.3744326030039961,0.45346087924604417,0.0,9.16,0.2400000000000002,0.1,0.48,0.608509370814386,0.5955965048058551,3.552713678800501e-15,12.1221,0.4493,0.2075399999999999,0.8097499999999986,0.6318375298760491,0.6577165081209316,0.0,6.960000000000001,0.4299999999999997,0.1799999999999997,0.8599999999999999,0.7389795453282196,0.695984825985008,0.0,11.53,0.5599999999999996,0.25,1.0099999999999998,0.5560483575120895,0.6041893657599833,0.0,10.84,0.3899999999999997,0.17125000000000076,0.71,0.4513844249689954,0.47948315810652026,8.000000000005225e-05,10.122420000000002,0.3229200000000001,0.14988000000000018,0.5851400000000002
With benzene,9257,0.3609186741564942,0.46096552541662017,0.0,18.24,0.24,0.1,0.4699999999999997,0.5814422624320333,0.593578832725739,3.552713678800501e-15,14.519199999999962,0.4300999999999977,0.1956999999999997,0.7707999999999999,0.6001536610954344,0.6512829684751448,0.0,21.64,0.4100000000000001,0.1700000000000003,0.81,0.7478390673612617,0.7018225325441899,0.0,11.53,0.56,0.25,1.01,0.5507809673684972,0.6156355710150964,0.0,16.75,0.3899999999999999,0.1799999999999997,0.71,0.44218851456555397,0.4923455054387885,3.5999999999702936e-05,15.707839999999994,0.3189400000000022,0.14808,0.5715600000000003
Without benzene,4588,0.40695306596919495,0.48533011524382563,0.0,4.2700000000000005,0.2699999999999996,0.1099999999999999,0.52,0.6612837372856727,0.60462868915915,0.0002400000000011,5.222599999999999,0.49558999999999986,0.2343250000000004,0.9126925000000013,0.728909131107672,0.727763659640937,0.0,5.720000000000001,0.4900000000000001,0.1999999999999997,1.0299999999999998,0.7471576387353527,0.6862156405158061,0.0,10.07,0.5699999999999998,0.26,1.0499999999999998,0.5612758493625174,0.5838688687974771,0.0,5.47,0.3900000000000001,0.1799999999999999,0.7200000000000002,0.4736411374600406,0.47797181584822923,8.000000000005225e-05,4.47465,0.34124999999999994,0.15707000000000015,0.6228549999999999
With ketone,984,0.3247662601626016,0.33589935795912496,0.0,3.0,0.2199999999999999,0.09000000000000022,0.4500000000000002,0.5653479573170732,0.5137551549148892,0.0007000000000023,3.9576000000000007,0.4326000000000003,0.20399999999999857,0.7775499999999991,0.7653618756371049,0.7477843780497516,0.0,4.1,0.51,0.2299999999999999,1.07,0.8460448521916412,0.7697598379951436,0.0,4.92,0.6200000000000001,0.27,1.18,0.5448012232415903,0.5251313113126578,0.0,4.5600000000000005,0.3900000000000001,0.1699999999999999,0.77,0.4803534918699186,0.44542739406618903,0.0003399999999995,2.54352,0.34556999999999966,0.16295499999999996,0.6308330000000002
Without ketone,12861,0.38010689941165793,0.4781409737302648,0.0,18.24,0.25,0.1099999999999998,0.4900000000000002,0.6111560858409142,0.6043065069068662,3.552713678800501e-15,14.519199999999962,0.451100000000002,0.2077999999999998,0.8193999999999997,0.6331022133375144,0.6737077510849406,0.0,21.64,0.43000000000000005,0.1799999999999999,0.87,0.7400449331033763,0.690210862175542,0.0,11.53,0.56,0.25,1.01,0.5549620962684226,0.6111051294567263,0.0,16.75,0.39,0.1799999999999999,0.71,0.45048882528574763,0.49088199479087,3.5999999999702936e-05,15.707839999999994,0.3258600000000005,0.1493599999999999,0.5850400000000007
With halogen,3925,0.35549702760084917,0.39245959670531216,0.0,6.199999999999999,0.25,0.1,0.4700000000000002,0.6104874437367304,0.6443774921801,0.0001800000000007,4.785200000000003,0.429599999999998,0.1953,0.7770000000000001,0.6234595893970893,0.6358658749887642,0.0,6.199999999999999,0.4099999999999997,0.1799999999999997,0.8799999999999999,0.774453179140679,0.7255036918210866,0.0,4.92,0.5800000000000001,0.2599999999999998,1.06,0.5744124653499654,0.611158027379616,0.0,5.13,0.3900000000000001,0.1799999999999999,0.7400000000000002,0.45657654488322713,0.4777127692795853,0.0003400000000004,4.75236,0.3275800000000002,0.157,0.5822199999999995
Without halogen,9920,0.3843547379032258,0.4966886110053733,0.0,18.24,0.25,0.1099999999999998,0.4999999999999998,0.6068767735215052,0.5792652338077242,3.552713678800501e-15,14.519199999999962,0.4591500000000003,0.21317500000000042,0.8302250000000015,0.6499746519702027,0.6964289899315409,0.0,21.64,0.4499999999999999,0.1800000000000001,0.8800000000000001,0.7371713351535375,0.6849147711454746,0.0,11.53,0.5599999999999999,0.2500000000000001,1.01,0.5463856136447904,0.6029361974575351,0.0,16.75,0.39,0.1799999999999997,0.7000000000000002,0.45104250799731177,0.491799816499355,3.5999999999702936e-05,15.707839999999994,0.32711999999999913,0.14783499999999988,0.5916649999999999
With primary amine,2424,0.44608704620462036,0.66035773038665,0.0,9.16,0.24,0.1,0.48,0.6285588531353136,0.70090970653265,0.0003000000000032,12.1221,0.4123600000000001,0.18664999999999682,0.7975000000000001,0.7882849440066362,0.8281703282732017,0.0,6.960000000000001,0.52,0.2099999999999999,1.08,0.7259456656988801,0.726502319244843,0.0,11.53,0.51,0.24,0.9400000000000002,0.635228121111572,0.7887146891000797,0.0,10.84,0.3900000000000001,0.1799999999999999,0.7149999999999999,0.5212259752475247,0.6508400628853663,0.0003399999999995,10.122420000000002,0.32642800000000005,0.15173999999999999,0.60837
Without primary amine,11421,0.36133524501649006,0.4166816205124467,0.0,18.24,0.25,0.1099999999999994,0.49,0.603515817353997,0.5742626361981314,3.552713678800501e-15,14.519199999999962,0.4579000000000004,0.2128199999999975,0.8176000000000001,0.6115236476543646,0.6399608661328254,0.0,21.64,0.42,0.1799999999999997,0.8399999999999999,0.7522274560009418,0.6901321487711015,0.0,10.07,0.5700000000000003,0.2599999999999999,1.0399999999999996,0.5369955412325623,0.5571384678069377,0.0,16.75,0.39,0.1799999999999997,0.7100000000000001,0.43804858191051566,0.4443121757052379,3.5999999999702936e-05,15.707839999999994,0.3273999999999999,0.1508400000000009,0.58528
With secondary amine,4898,0.44870947325438953,0.5553165420098545,0.0,6.199999999999999,0.29,0.12,0.57,0.6265691690485913,0.5665515983224794,0.0001800000000007,4.549300000000001,0.4703,0.21633999999999975,0.8736999999999995,0.7434846500204666,0.7329461191534733,0.0,6.199999999999999,0.52,0.2299999999999999,1.0000000000000002,0.7764191567744576,0.679791502078577,0.0,5.79,0.5900000000000001,0.2799999999999998,1.08,0.5949169054441261,0.6352775652465235,0.0,4.5600000000000005,0.4100000000000001,0.1899999999999999,0.7500000000000001,0.5021258305430788,0.531377370676653,0.00034,4.75236,0.35388999999999965,0.15987500000000002,0.6507800000000001
Without secondary amine,8947,0.3364642710778286,0.4099900093071407,0.0,18.24,0.2299999999999999,0.1,0.4500000000000002,0.5976802302447746,0.6149624546892873,3.552713678800501e-15,14.519199999999962,0.4408999999999983,0.20371,0.7838499999999996,0.5868270063646291,0.6423533636523595,0.0,21.64,0.3999999999999994,0.1600000000000001,0.8,0.7317138364779874,0.7053910081031183,0.0,11.53,0.5499999999999998,0.2400000000000002,0.9900000000000002,0.5317797424019884,0.5870219641649366,0.0,16.75,0.3799999999999999,0.1699999999999999,0.69,0.4255048954956968,0.46004585401296993,3.5999999999702936e-05,15.707839999999994,0.3142399999999996,0.14567000000000005,0.5585700000000001
With tertiary amine,7887,0.39096020878238447,0.40486284385675836,0.0,6.199999999999999,0.27,0.1199999999999994,0.5399999999999998,0.6185483939816576,0.5758574263389019,0.0001800000000007,5.664300000000007,0.4711999999999969,0.2276,0.8397800000000002,0.7284782729329407,0.6678229755978986,0.0,6.199999999999999,0.5299999999999998,0.2299999999999999,1.02,0.7748672258505144,0.6860445844064591,0.0,5.81,0.6,0.27,1.09,0.5761243223630853,0.58535828706858,0.0,5.47,0.4199999999999999,0.1899999999999999,0.75,0.4758753437724525,0.4432338656706448,3.5999999999702936e-05,4.75236,0.36154,0.16968,0.6412079999999998
Without tertiary amine,5958,0.35659980977956807,0.5431081169639619,0.0,18.24,0.2199999999999997,0.0900000000000003,0.4399999999999999,0.5938049054492557,0.626817108643725,3.552713678800501e-15,14.519199999999962,0.42409999999999937,0.18723999999999907,0.7810499999999985,0.5293496963562753,0.6795857125974948,0.0,21.64,0.3399999999999998,0.1399999999999996,0.6900000000000001,0.7117147435897436,0.7089478019945092,0.0,11.53,0.51,0.24,0.9499999999999996,0.5254034525416105,0.6296286124501985,0.0,16.75,0.3500000000000001,0.1600000000000001,0.6699999999999999,0.4218153376412665,0.5397551627162972,8.000000000008001e-05,15.707839999999994,0.2832299999999994,0.1305249999999993,0.5173400000000002
With aliphatic hydroxyl,1810,0.46325782688766115,0.46777744341930166,0.0,3.38,0.33,0.15000000000000002,0.6099999999999999,0.5813583996316759,0.5114398995945085,0.000499999999997,4.1997,0.4339000000000002,0.20355000000000667,0.84015,0.822622890001855,0.7279203459207122,0.0,4.1,0.6100000000000003,0.25,1.23,0.7518623631979224,0.69884803335249,0.0,5.79,0.56,0.2599999999999998,1.0199999999999996,0.5337469857169356,0.521999351514004,0.0,4.79,0.3700000000000001,0.1799999999999999,0.7400000000000001,0.4836132195211786,0.4522187111964635,0.0003399999999995,2.7621800000000003,0.35287,0.15186499999999983,0.667589999999999
Without aliphatic hydroxyl,12035,0.3630767068273092,0.4685664352046857,0.0,18.24,0.2399999999999997,0.1,0.4699999999999997,0.6118921567649909,0.6103521846023463,3.552713678800501e-15,14.519199999999962,0.4519800000000002,0.20784999999999984,0.8107000000000026,0.6154454355108877,0.6684416060051281,0.0,21.64,0.4199999999999999,0.17,0.8399999999999999,0.746975418760469,0.6964004357364528,0.0,11.53,0.56,0.2599999999999998,1.0200000000000002,0.5573201982132887,0.6168911047157939,0.0,16.75,0.3900000000000001,0.1799999999999997,0.71,0.4479488733416424,0.49281985954701013,3.5999999999702936e-05,15.707839999999994,0.3236000000000003,0.15074999999999988,0.5787799999999999
With unbranched alkane >4,1039,0.3782386910490857,0.3917237200334193,0.0,4.77,0.2600000000000002,0.1199999999999999,0.52,0.809480365736284,0.6650933349393834,0.0007000000000023,5.664300000000007,0.6340000000000001,0.3293000000000015,1.135199999999997,0.5975,0.5788718706610675,0.0,3.98,0.4300000000000001,0.16749999999999995,0.8199999999999995,0.99702,0.8564908032758413,0.0,5.79,0.7549999999999999,0.3700000000000001,1.4,0.53285,0.5091231519818001,0.0,3.93,0.40000000000000013,0.1899999999999999,0.73,0.5386070692974011,0.44689761790658794,0.0003399999999995,4.1590560000000005,0.4253399999999994,0.2119599999999996,0.7537800000000001
Without unbranched alkane >4,12806,0.3760061559685564,0.475438438425574,0.0,18.24,0.25,0.1,0.4800000000000002,0.5915454248008745,0.589698685168862,3.552713678800501e-15,14.519199999999962,0.4365000000000001,0.20100000000000068,0.7891000000000021,0.6460839941378137,0.6873002868489888,0.0,21.64,0.4399999999999999,0.1800000000000001,0.8899999999999997,0.7280335374630342,0.678741782497863,0.0,11.53,0.55,0.25,0.9900000000000002,0.5559155609641202,0.6122601907430388,0.0,16.75,0.39,0.1799999999999997,0.7100000000000001,0.44563422403560826,0.49036365833036794,3.5999999999702936e-05,15.707839999999994,0.31936200000000003,0.14722499999999944,0.574694
With alkyl halide,1098,0.3911414693381906,0.43964555927303595,0.0,6.199999999999999,0.27,0.10999999999999993,0.53,0.5613382119004251,0.5362105412190097,0.000700000000001,4.679299999999999,0.4138499999999983,0.17914999999999984,0.7773999999999999,0.6576901924839597,0.6247037351693272,0.0,6.199999999999999,0.4699999999999997,0.2000000000000001,0.9299999999999996,0.6674641002138711,0.6098107864908793,0.0,4.92,0.4899999999999997,0.2299999999999999,0.9299999999999999,0.5189795294836542,0.4907005565269768,0.0,3.74,0.3700000000000001,0.16999999999999998,0.7199999999999999,0.41326197328476016,0.4034368496349028,0.0013600000000009,4.75236,0.3128099999999998,0.14817600000000034,0.5492310000000002
Without alkyl halide,12747,0.374884404173531,0.472152742520293,0.0,18.24,0.25,0.1,0.4800000000000002,0.6119111519050233,0.6033326408462601,3.552713678800501e-15,14.519199999999962,0.4538999999999999,0.21105000000000002,0.8185400000000004,0.6412408534978122,0.6846650977744384,0.0,21.64,0.4300000000000001,0.1799999999999999,0.8799999999999999,0.754529482313248,0.7032844934735527,0.0,11.53,0.5700000000000001,0.2599999999999998,1.03,0.5572781775528494,0.6141702702546898,0.0,16.75,0.3900000000000001,0.17999999999999974,0.7100000000000001,0.45600086069924944,0.49430015184528425,3.5999999999702936e-05,15.707839999999994,0.3284399999999996,0.15114,0.5926699999999996
With nitrile,515,0.3193640776699029,0.3417221434410868,0.0,3.65,0.2199999999999997,0.0899999999999998,0.4499999999999999,0.6000351262135923,0.5728101817421922,0.0001800000000007,3.876680000000001,0.417380000000001,0.21725999999999906,0.810409999999999,0.722373786407767,0.6928924940841851,0.0,3.64,0.48,0.18999999999999995,1.0750000000000002,0.9955776699029125,0.9182628608948744,0.0,4.92,0.6699999999999997,0.25,1.6,0.6791116504854368,0.6263745970712894,0.0,3.21,0.4599999999999999,0.2299999999999999,0.91,0.5017015961165048,0.4481930515990723,0.0023360000000001,2.649336,0.374564,0.17547800000000002,0.7066260000000002
Without nitrile,13330,0.37836851712928227,0.47378570510454415,0.0,18.24,0.25,0.1099999999999994,0.49,0.6082042550637659,0.5994088590908088,3.552713678800501e-15,14.519199999999962,0.4518799999999999,0.20702499999999985,0.8154249999999997,0.6394380073614683,0.679422904837371,0.0,21.64,0.4399999999999995,0.18,0.8700000000000001,0.7379564866636414,0.6848537987061687,0.0,11.53,0.56,0.2599999999999998,1.01,0.5493725608833762,0.6040280780245008,0.0,16.75,0.3899999999999997,0.1700000000000003,0.71,0.450714800900225,0.4892205676543884,3.5999999999702936e-05,15.707839999999994,0.3255600000000003,0.14973,0.5841069999999999
With nitro,1199,0.32939032527105916,0.3225162642011535,0.0,2.97,0.24,0.1099999999999998,0.4599999999999999,0.5169435362802334,0.4699022340952261,0.0005000000000014,3.7032000000000007,0.4015999999999993,0.19709999999999986,0.7085700000000026,0.5953475355054302,0.542364135712082,0.0,3.98,0.4400000000000001,0.1899999999999999,0.8499999999999996,0.653984126984127,0.5534142284729082,0.0,3.86,0.53,0.2299999999999999,0.95,0.5144519632414369,0.5020991191901701,0.0,3.2,0.3899999999999999,0.1600000000000001,0.7000000000000002,0.41346271392827355,0.36779040176636374,0.00034,2.67592,0.33092,0.15062000000000048,0.553377
Without nitro,12646,0.3806093494649164,0.4810577387492621,0.0,18.24,0.25,0.1,0.4900000000000002,0.6165242377036216,0.6085124221075492,3.552713678800501e-15,14.519199999999962,0.45570000000000044,0.20800000000000002,0.8266,0.6470526980329611,0.6916534985512515,0.0,21.64,0.4399999999999999,0.1799999999999999,0.8899999999999997,0.7565521664008505,0.708233256530615,0.0,11.53,0.5699999999999998,0.2599999999999998,1.03,0.5580340909090908,0.6141912731184624,0.0,16.75,0.39,0.1799999999999999,0.7100000000000004,0.4563231712794559,0.49756977573493627,3.5999999999702936e-05,15.707839999999994,0.3265100000000002,0.15099499999999902,0.5934100000000001
With sulfide,656,0.4505487804878049,0.5172632067891042,0.0,3.42,0.3,0.12,0.59,0.6390808231707318,0.551038188569465,0.0005200000000004,3.204190000000004,0.486050000000002,0.2047000000000011,0.94025,0.882091603053435,0.8113586167975957,0.0,4.63,0.6699999999999999,0.27,1.225,0.9015877862595421,0.7002266438488298,0.0,3.79,0.7299999999999999,0.3399999999999998,1.3699999999999999,0.5064732824427481,0.482788082119009,0.0,3.39,0.3899999999999999,0.1899999999999999,0.655,0.4812627530487804,0.4513934407219933,0.0030400000000008,2.854820000000001,0.3598619999999999,0.17776499999999992,0.6482599999999996
Without sulfide,13189,0.3724743978567998,0.4668804612779728,0.0,18.24,0.25,0.1,0.48,0.606349517779968,0.6006590860695286,3.552713678800501e-15,14.519199999999962,0.4483000000000001,0.2077,0.8076000000000001,0.6305535723385822,0.6706353260980038,0.0,21.64,0.4299999999999999,0.1799999999999999,0.8600000000000003,0.7399054553330277,0.6956519102402553,0.0,11.53,0.5599999999999998,0.25,1.0074999999999998,0.5566279238648524,0.610766708785011,0.0,16.75,0.39,0.1799999999999997,0.72,0.4511863107134733,0.48955065565180866,3.5999999999702936e-05,15.707839999999994,0.3253239999999997,0.1493599999999999,0.5852399999999998
With sulfonamide,639,0.41533646322378714,0.39462950892068716,0.0,2.92,0.31,0.1100000000000001,0.59,0.5888879342723002,0.4798141166910127,0.0009000000000001,3.1831,0.4622000000000001,0.23744999999999994,0.8465999999999994,0.6955712050078247,0.609422058440412,0.0,3.83,0.5000000000000001,0.24,1.0,0.7138810641627542,0.6156808996209916,0.0,3.64,0.5399999999999998,0.25,1.01,0.4838028169014084,0.45254497889501244,0.0,3.02,0.3500000000000001,0.1700000000000001,0.6599999999999998,0.42251650391236295,0.38702465955709026,0.00174,2.31898,0.3300200000000002,0.14958799999999994,0.5568299999999998
Without sulfonamide,13206,0.37427872431722947,0.4729216332548028,0.0,18.24,0.25,0.1,0.48,0.6088203407542025,0.6035706169128153,3.552713678800501e-15,14.519199999999962,0.44889499999999977,0.20626999999999956,0.8125799999999999,0.6399604392528121,0.6832659238672485,0.0,21.64,0.4300000000000001,0.1799999999999999,0.8700000000000001,0.7492604341629765,0.7003897185419655,0.0,11.53,0.5699999999999998,0.2599999999999998,1.02,0.5576726599480836,0.611644447961538,0.0,16.75,0.3900000000000001,0.1799999999999997,0.72,0.45406758836892314,0.49215642475881727,3.5999999999702936e-05,15.707839999999994,0.32711999999999913,0.15099499999999902,0.5906749999999991
With ether,4995,0.37586316316316315,0.44272171073959693,0.0,18.24,0.27,0.1099999999999999,0.52,0.5507948148148146,0.5271002041161784,3.552713678800501e-15,14.519199999999962,0.4229,0.1949499999999999,0.7543999999999993,0.664781695800683,0.6947677335554157,0.0,21.64,0.4699999999999997,0.1899999999999999,0.9399999999999996,0.7625731364275669,0.6784822570315145,0.0,7.39,0.59,0.2600000000000002,1.0499999999999998,0.4993623668876834,0.5151953042405549,0.0,16.75,0.3799999999999999,0.1799999999999999,0.6799999999999997,0.42152031111111105,0.4366322258892312,3.5999999999702936e-05,15.707839999999994,0.3188599999999999,0.1470279999999999,0.5672819999999992
Without ether,8850,0.3763489642184557,0.48423094392645605,0.0,9.16,0.2399999999999997,0.1,0.47,0.6401311536723163,0.6329095072314861,0.0001800000000007,12.1221,0.4676599999999986,0.21609999999999985,0.8533449999999987,0.6299147640791476,0.6713192696565188,0.0,6.960000000000001,0.42,0.1799999999999997,0.8399999999999999,0.7391160578386606,0.7067348053149639,0.0,11.53,0.55,0.25,1.0025000000000002,0.5854132420091324,0.6490112789854651,0.0,10.84,0.3999999999999999,0.1799999999999997,0.7399999999999998,0.4701593970621469,0.5136856014128424,8.000000000005225e-05,10.122420000000002,0.331258,0.15324500000000038,0.6017949999999996
With aromatic hydroxyl,1031,0.4519689621726479,0.7721968114027489,0.0,18.24,0.28,0.1200000000000001,0.56,0.7340036469447134,0.7153771906040816,0.0003000000000032,14.519199999999962,0.5984999999999978,0.3010999999999992,1.0092399999999997,0.7238243902439024,0.9603163939832399,0.0,21.64,0.51,0.2200000000000002,0.92,0.8746439024390243,0.7926939610241337,0.0,7.39,0.6600000000000001,0.31,1.1800000000000002,0.6563609756097559,0.8040712303008263,0.0,16.75,0.48,0.2299999999999995,0.86,0.5594504810863239,0.7159924855206105,0.0021999999999997,15.707839999999994,0.4091600000000004,0.20112000000000013,0.7211400000000001
Without aromatic hydroxyl,12814,0.37007529524998695,0.435773606099431,0.0,9.16,0.25,0.1,0.48,0.5977542570625878,0.5868588960139999,3.552713678800501e-15,12.1221,0.43992999999999993,0.20342500000000197,0.7948300000000014,0.6359936936228237,0.6518820213191443,0.0,6.960000000000001,0.4300000000000001,0.1799999999999999,0.8799999999999999,0.7373720238095238,0.6873873371154957,0.0,11.53,0.5599999999999996,0.25,1.01,0.5460019273127753,0.5856766197401151,0.0,10.84,0.3800000000000003,0.1700000000000001,0.7000000000000001,0.44401523115342584,0.4636072472587231,3.5999999999702936e-05,10.122420000000002,0.3212999999999999,0.14813000000000026,0.5791399999999999
With aromatic nitrogen,4043,0.4033811526094484,0.3884965055127305,0.0,4.13,0.29,0.1299999999999999,0.5500000000000003,0.5898310413059609,0.516546425811594,0.0001800000000007,5.222599999999999,0.4559000000000004,0.2213499999999998,0.822190000000001,0.7577851425712856,0.652415972029951,0.0,4.36,0.5700000000000001,0.25,1.09,0.7475175087543772,0.6083833551295575,0.0,5.81,0.6000000000000003,0.2799999999999999,1.09,0.5350137568784391,0.5719651883579668,0.0,5.47,0.3799999999999999,0.1699999999999999,0.69,0.45133077764036605,0.4029441081591207,8.000000000005225e-05,3.87652,0.3467200000000001,0.16293800000000008,0.61235
Without aromatic nitrogen,9802,0.3649515234986057,0.49889817564787486,0.0,18.24,0.2299999999999999,0.0999999999999998,0.4599999999999999,0.6153533880840643,0.6289710149074007,3.552713678800501e-15,14.519199999999962,0.44654999999999956,0.20339999999999966,0.810600000000004,0.5952404593216277,0.6855760982325554,0.0,21.64,0.3899999999999999,0.1600000000000001,0.79,0.7476546017729404,0.7298938909451952,0.0,11.53,0.5499999999999999,0.2499999999999999,1.0,0.5621276825136051,0.6184015617840362,0.0,16.75,0.3900000000000001,0.1799999999999999,0.7200000000000002,0.4531395923280962,0.5188395476195308,3.5999999999702936e-05,15.707839999999994,0.31852000000000014,0.146741,0.5790689999999998
With aromatic amine,671,0.3773621460506706,0.3288739970990787,0.0,2.55,0.2999999999999998,0.1200000000000001,0.54,0.502602995529061,0.4307104599163013,0.0001800000000007,2.6841,0.3984999999999998,0.1732000000000002,0.7056000000000011,0.7537779433681072,0.6435202833593268,0.0,3.51,0.5599999999999998,0.23000000000000015,1.1199999999999999,0.6488748137108793,0.4897418227614617,0.0,3.5,0.5800000000000001,0.2599999999999999,0.93,0.42725037257824133,0.4160471448913564,0.0,3.02,0.3099999999999999,0.1300000000000001,0.6000000000000001,0.3809695946348733,0.3134159777997824,0.0003600000000001,2.44022,0.3126959999999998,0.13410799999999995,0.539732
Without aromatic amine,13174,0.37611316481959406,0.47572838830357506,0.0,18.24,0.25,0.1,0.48,0.6132635645969332,0.605245454737966,3.552713678800501e-15,14.519199999999962,0.45349999999999685,0.20932499999999982,0.8196750000000004,0.6368350553599674,0.6814479887128253,0.0,21.64,0.43,0.1799999999999999,0.87,0.7526854558906066,0.7053297265080629,0.0,11.53,0.56,0.2599999999999998,1.03,0.5607578065207408,0.6128075667536015,0.0,16.75,0.3900000000000001,0.1799999999999999,0.72,0.4562603628358888,0.4948091871914607,3.5999999999702936e-05,15.707839999999994,0.32762000000000013,0.1516900000000001,0.5921660000000002
With aniline,3391,0.3849660867000884,0.4071479408669563,0.0,9.16,0.28,0.1199999999999996,0.52,0.6245717192568563,0.5870247190248615,0.0011999999999997,12.1221,0.4849999999999999,0.22569999999999985,0.87035,0.6937174170616113,0.6250165500424175,0.0,6.960000000000001,0.52,0.2299999999999999,0.97,0.7493068720379147,0.6829258466509162,0.0,11.53,0.57,0.25749999999999984,1.06,0.5891972748815166,0.5735236827723149,0.0,10.84,0.4500000000000002,0.22999999999999976,0.7799999999999998,0.47781796343261573,0.45096303485469086,3.5999999999702936e-05,10.122420000000002,0.3666000000000002,0.17843999999999985,0.6558400000000002
Without aniline,10454,0.37332167910209807,0.488208002076109,0.0,18.24,0.24,0.1,0.48,0.6024926449206044,0.602002176542524,3.552713678800501e-15,14.519199999999962,0.4412600000000013,0.20350000000000418,0.7960749999999991,0.6258741273364861,0.6963119962841633,0.0,21.64,0.41,0.1699999999999999,0.8499999999999996,0.74706333043786,0.7011581188415766,0.0,10.07,0.56,0.2599999999999998,1.01,0.5428449473988997,0.6149741936738788,0.0,16.75,0.37,0.1699999999999999,0.69,0.4444350396020662,0.49895995759467865,8.000000000005225e-05,15.707839999999994,0.3146500000000003,0.14355499999999993,0.565982
With phenol,862,0.4603596287703017,0.8341960030845458,0.0,18.24,0.27,0.1100000000000003,0.5599999999999996,0.7156994431554519,0.753659324462353,0.0003000000000032,14.519199999999962,0.5500000000000014,0.25970000000000054,0.9626499999999993,0.7262733644859812,1.0129053586270202,0.0,21.64,0.5099999999999998,0.2199999999999999,0.92,0.9191238317757009,0.819314784934032,0.0099999999999997,7.39,0.6999999999999998,0.3399999999999999,1.22,0.6797429906542055,0.8526593373468948,0.0,16.75,0.5099999999999998,0.2299999999999999,0.8924999999999997,0.5795254361948955,0.762274803789038,0.0021999999999997,15.707839999999994,0.41809999999999936,0.202525,0.7471690000000003
Without phenol,12983,0.37058421268838737,0.4342519303310913,0.0,9.16,0.25,0.1,0.48,0.6007431171532003,0.5859982187801999,3.552713678800501e-15,12.1221,0.4442000000000012,0.20510000000000078,0.8022999999999999,0.6369832958103667,0.6516575448116797,0.0,6.960000000000001,0.4300000000000001,0.1799999999999999,0.8799999999999999,0.7362171544652331,0.6862948580029182,0.0,11.53,0.5599999999999996,0.25,1.01,0.5458960096265817,0.5843256212634215,0.0,10.84,0.3800000000000003,0.1700000000000003,0.7000000000000001,0.44418498744512047,0.4627187312049525,3.5999999999702936e-05,10.122420000000002,0.321444,0.1483520000000001,0.5792199999999998
With bicyclic,3311,0.401667170039263,0.4146386830670167,0.0,9.16,0.29,0.1299999999999999,0.5499999999999998,0.5983759035538104,0.5644793385200385,3.552713678800501e-15,12.1221,0.4567999999999999,0.21335000000000026,0.8190500000000014,0.7845293045854843,0.6847111484544687,0.0,6.960000000000001,0.61,0.27,1.1199999999999997,0.8024825387184937,0.722167039982835,0.0,11.53,0.6299999999999999,0.29,1.11,0.5961924283834396,0.6294102855850643,0.0,10.84,0.4199999999999999,0.1999999999999999,0.78,0.4729086326386791,0.4489205669179451,3.5999999999702936e-05,10.122420000000002,0.3577999999999997,0.17444600000000005,0.6361399999999998
Without bicyclic,10534,0.368160701854313,0.48541302156088284,0.0,18.24,0.2399999999999995,0.1,0.47,0.6108940756914119,0.6086958771115168,0.0001800000000007,14.519199999999962,0.44754999999999984,0.20626999999999956,0.8124000000000002,0.5977802406485382,0.6724705999505054,0.0,21.64,0.3900000000000001,0.1600000000000001,0.7999999999999999,0.7303148378654412,0.6875997943300736,0.0,10.07,0.54,0.25,1.0,0.5410077396910506,0.5969948977509493,0.0,16.75,0.3799999999999999,0.1699999999999999,0.6900000000000004,0.44623164375672425,0.4992925307617843,8.000000000005225e-05,15.707839999999994,0.31704999999999983,0.14494500000000127,0.5747450000000002
With rings,12682,0.3745895626347054,0.45255715006011027,0.0,18.24,0.2599999999999998,0.1099999999999998,0.4900000000000002,0.5982897250696524,0.582108468518372,3.552713678800501e-15,14.519199999999962,0.4506499999999998,0.20954999999999988,0.8034949999999997,0.6532124738528344,0.6744085928068647,0.0,21.64,0.4500000000000002,0.19,0.9,0.7525834591045092,0.6901590153155831,0.0,11.53,0.58,0.26,1.03,0.5518865543993432,0.5955564178086235,0.0,16.75,0.3900000000000001,0.1799999999999999,0.72,0.45124557312201014,0.4772974069410472,3.5999999999702936e-05,15.707839999999994,0.3304300000000002,0.15333000000000002,0.591803
Without rings,1163,0.39344797936371445,0.6265761966427917,0.0,4.2700000000000005,0.1899999999999999,0.08,0.4300000000000001,0.7127003582688448,0.7460550168222333,0.0007,4.679299999999999,0.4365000000000001,0.1904999999999999,0.9610400000000003,0.5255923344947734,0.7296813424132069,0.0,5.12,0.27,0.1100000000000003,0.6200000000000003,0.6931271777003484,0.7629464190177567,0.0,7.029999999999999,0.43000000000000005,0.2,0.8600000000000001,0.5800058072009292,0.7037403838870899,0.0,4.2,0.3499999999999998,0.16,0.6625000000000001,0.4675049524218974,0.5907225907431652,0.00094,4.47465,0.2880359999999999,0.1282899999999999,0.5548299999999997
With saturated rings,2849,0.46914408564408566,0.48738823588906144,0.0,6.199999999999999,0.33,0.14,0.6300000000000003,0.6834159939159937,0.59538582900115,3.552713678800501e-15,4.749599999999997,0.5333999999999959,0.2469999999999945,0.9536,0.8619496999647017,0.7542091258230295,0.0,6.199999999999999,0.6699999999999995,0.2999999999999998,1.23,0.8573319802329686,0.762189491725271,0.0,10.07,0.6799999999999997,0.3000000000000002,1.1800000000000002,0.6453999882339099,0.6202097177599248,0.0,4.79,0.47,0.22,0.8700000000000001,0.5442549507429507,0.49698858490798997,0.0003399999999995,4.75236,0.4111799999999999,0.1972800000000001,0.7513600000000001
Without saturated rings,10996,0.3520856068873529,0.4619399816205161,0.0,18.24,0.2299999999999999,0.0999999999999999,0.4500000000000002,0.5883347256578149,0.5976796480386767,0.0001800000000007,14.519199999999962,0.4330000000000007,0.19755999999999868,0.7753199999999958,0.5855436842748838,0.6474513375138522,0.0,21.64,0.3999999999999999,0.1600000000000001,0.79,0.7191087368549768,0.675776619125239,0.0,11.53,0.5300000000000002,0.2400000000000002,0.98,0.5305510210320371,0.5992038802180456,0.0,16.75,0.3700000000000001,0.1699999999999999,0.6799999999999997,0.4288670665090336,0.4826299124958592,3.5999999999702936e-05,15.707839999999994,0.3087599999999995,0.142434,0.552845
With aromatic rings,11546,0.3660760580864946,0.44427703731720275,0.0,18.24,0.25,0.1099999999999998,0.48,0.5872940960794502,0.5771756875789021,3.552713678800501e-15,14.519199999999962,0.44136000000000014,0.20540499999999945,0.7891850000000001,0.6323289293915875,0.6550907480154488,0.0,21.64,0.4399999999999999,0.1899999999999999,0.8700000000000001,0.7443707305020203,0.6783437985481839,0.0,11.53,0.5700000000000001,0.26,1.02,0.5395627307345717,0.5912988755839909,0.0,16.75,0.3800000000000003,0.1700000000000001,0.7,0.44215962162942424,0.4710779085768777,3.5999999999702936e-05,15.707839999999994,0.32484,0.15041999999999983,0.5811900000000008
Without aromatic rings,2299,0.4268858924169928,0.5780589006504578,0.0,4.2700000000000005,0.24,0.1,0.52,0.7113889415687981,0.6862255576893878,0.000499999999997,4.749599999999997,0.5060799999999999,0.2226000000000007,0.9558000000000002,0.6941656387665197,0.7925918009691608,0.0,5.720000000000001,0.4199999999999999,0.1600000000000001,0.92,0.7640017621145374,0.7828226675467835,0.0,10.07,0.5299999999999998,0.24,1.03,0.6283615271659324,0.6671279918372445,0.0,4.2,0.4199999999999999,0.1899999999999999,0.7999999999999999,0.5051020559663622,0.5617105943491043,0.0003399999999995,4.47465,0.33872,0.15365000000000023,0.6303799999999999
